symbol,name
ACWI,iShares MSCI ACWI ETF
BIL,SPDR Bloomberg 1â€“3 Month T-Bill ETF
CIBR,First Trust NASDAQ Cybersecurity ETF
DGRO,iShares Core Dividend Growth ETF
DGRW,WisdomTree U.S. Quality Dividend Growth ETF
DIA,SPDR Dow Jones Industrial Average ETF Trust
EFA,iShares MSCI EAFE ETF
EFV,iShares MSCI EAFE Value ETF
EWA,iShares MSCI Australia ETF
EWT,iShares MSCI Taiwan ETF
FBND,Fidelity Total Bond ETF
FNDE,Schwab Fundamental Emerging Markets Large Company Index ETF
FNDF,Schwab Fundamental International Large Company Index ETF
FNDX,Schwab Fundamental U.S. Large Company Index ETF
FXI,iShares China Large-Cap ETF
HYG,iShares iBoxx $ High Yield Corporate Bond ETF
IDEV,iShares Core MSCI International Developed Markets ETF
IGM,iShares Expanded Tech Sector ETF
IGV,iShares Expanded Tech-Software Sector ETF
IJH,iShares Core S&P Mid-Cap ETF
IJR,iShares Core S&P Small-Cap ETF
ILF,iShares Latin America 40 ETF
INDA,iShares MSCI India ETF
IQLT,iShares MSCI International Quality Factor ETF
ITOT,iShares Core S&P Total U.S. Stock Market ETF
IVV,iShares Core S&P 500 ETF
IVW,iShares S&P 500 Growth ETF
IWD,iShares Russell 1000 Value ETF
IWM,iShares Russell 2000 ETF
IYR,iShares U.S. Real Estate ETF
JAAA,Janus Henderson AAA CLO ETF
JPST,JPMorgan Ultra-Short Income ETF
LQD,iShares iBoxx $ Investment Grade Corporate Bond ETF
MBB,iShares MBS ETF
MTUM,iShares MSCI USA Momentum Factor ETF
PFF,iShares Preferred and Income Securities ETF
QQQM,Invesco NASDAQ 100 ETF
QUAL,iShares MSCI USA Quality Factor ETF
RDVY,First Trust Rising Dividend Achievers ETF
RSP,Invesco S&P 500 Equal Weight ETF
SCHA,Schwab U.S. Small-Cap ETF
SCHB,Schwab U.S. Broad Market ETF
SCHF,Schwab International Equity ETF
SCHG,Schwab U.S. Large-Cap Growth ETF
SCHM,Schwab U.S. Mid-Cap ETF
SCHP,Schwab U.S. TIPS ETF
SCHV,Schwab U.S. Large-Cap Value ETF
SCHX,Schwab U.S. Large-Cap ETF
SHV,iShares Short Treasury Bond ETF
SHY,iShares 1-3 Year Treasury Bond ETF
SHYG,iShares 0-5 Year High Yield Corporate Bond ETF
SMH,VanEck Semiconductor ETF
SOXL,Direxion Daily Semiconductor Bull 3X Shares
SOXX,iShares Semiconductor ETF
SPAB,SPDR Portfolio Aggregate Bond ETF
SPHQ,Invesco S&P 500 Quality ETF
SPHY,SPDR Portfolio High Yield Bond ETF
SPLG,SPDR Portfolio S&P 500 ETF
SPMB,SPDR Portfolio Mortgage-Backed Bond ETF
SPMO,Invesco S&P 500 Momentum ETF
SPSM,SPDR Portfolio S&P 600 Small Cap ETF
SPTI,SPDR Portfolio Intermediate Term Treasury ETF
SPY,SPDR S&P 500 ETF Trust
SPYG,State Street SPDR Portfolio S&P 500 Growth ETF
TLT,iShares 20+ Year Treasury Bond ETF
USIG,iShares Broad USD Investment Grade Corporate Bond ETF
VCIT,Vanguard Intermediate-Term Corporate Bond ETF
VEU,Vanguard FTSE All-World ex-US ETF
VGIT,Vanguard Intermediate-Term Treasury ETF
VNQ,Vanguard Real Estate ETF
VONG,Vanguard Russell 1000 Growth ETF
VOO,Vanguard S&P 500 ETF
VT,Vanguard Total World Stock ETF
VTI,Vanguard Total Stock Market ETF
VTV,Vanguard Value ETF
VTWO,Vanguard Russell 2000 ETF
VXF,Vanguard Extended Market ETF
VXUS,Vanguard Total International Stock ETF
XLB,Materials Select Sector SPDR Fund
XLC,Communication Services Select Sector SPDR Fund
XLE,Energy Select Sector SPDR Fund
XLF,Financial Select Sector SPDR Fund
XLG,Invesco S&P 500 Top 50 ETF
XLI,Industrial Select Sector SPDR Fund
XLK,Technology Select Sector SPDR Fund
XLP,Consumer Staples Select Sector SPDR Fund
XLRE,Real Estate Select Sector SPDR Fund
XLU,Utilities Select Sector SPDR Fund
XLV,Health Care Select Sector SPDR Fund
XLY,Consumer Discretionary Select Sector SPDR Fund
XRT,State Street SPDR S&P Retail ETF
XSD,State Street SPDR S&P Semiconductor ETF
